{
    "user": 17374.03125,
    "system": 3771.34375,
    "idle": 957326.28125
}