{
    "user": 18758.999999999996,
    "system": 4224.09375,
    "idle": 1099065.0
}