{
    "bytes_sent": 18417291.4140625,
    "bytes_recv": 8979602.668945312
}