{
    "bytes_sent": 16085699.73046875,
    "bytes_recv": 8426255.245117188
}