{
    "bytes_sent": 17380608.65625,
    "bytes_recv": 8474163.331054688
}