{
    "bytes_sent": 17368508.4765625,
    "bytes_recv": 8473122.944335938
}