{
    "user": 17955.984375,
    "system": 4029.7499999998836,
    "idle": 1027406.484375
}