{
    "user": 18641.921874999996,
    "system": 4207.249999999767,
    "idle": 1092218.8125
}