{
    "user": 17944.53125,
    "system": 4024.4531250001164,
    "idle": 1026255.6093749999
}